Sample_name,Day,Plate,Location,Medium
HSI_193,0,0,1,NA
HSI_194,0,0,2,NA
HSI_195,0,0,3,NA
HSI_196,0,0,4,NA
HSI_197,0,0,5,NA
HSI_198,0,0,6,NA
HSI_199,0,0,7,NA
HSI_200,0,0,8,NA
HS2_0001,2,1,o2,G
HS2_0002,2,1,m2,G
HS2_0003,2,1,k2,G
HS2_0004,2,1,i2,G
HS2_0005,2,1,g2,G
HS2_0006,2,1,e2,G
HS2_0007,2,1,c2,G
HS2_0008,2,1,a2,G
HS2_0009,2,1,o4,G
HS2_0010,2,1,m4,G
HS2_0011,2,1,k4,G
HS2_0012,2,1,i4,G
HS2_0013,2,1,g4,G
HS2_0014,2,1,e4,G
HS2_0015,2,1,c4,G
HS2_0016,2,1,a4,G
HS2_0017,2,1,o6,G
HS2_0018,2,1,m6,G
HS2_0019,2,1,k6,G
HS2_0020,2,1,i6,G
HS2_0021,2,1,g6,G
HS2_0022,2,1,e6,G
HS2_0023,2,1,c6,G
HS2_0024,2,1,a6,G
HS2_0025,2,1,o8,G
HS2_0026,2,1,m8,G
HS2_0027,2,1,k8,G
HS2_0028,2,1,i8,G
HS2_0029,2,1,g8,G
HS2_0030,2,1,e8,G
HS2_0031,2,1,c8,G
HS2_0032,2,1,a8,G
HS2_0033,2,1,o10,G
HS2_0034,2,1,m10,G
HS2_0035,2,1,k10,G
HS2_0036,2,1,i10,G
HS2_0037,2,1,g10,G
HS2_0038,2,1,e10,G
HS2_0039,2,1,c10,G
HS2_0040,2,1,a10,G
HS2_0041,2,1,o12,G
HS2_0042,2,1,m12,G
HS2_0043,2,1,k12,G
HS2_0044,2,1,i12,G
HS2_0045,2,1,g12,G
HS2_0046,2,1,e12,G
HS2_0047,2,1,c12,G
HS2_0048,2,1,a12,G
HS2_0049,2,1,o14,GL
HS2_0050,2,1,m14,GL
HS2_0051,2,1,k14,GL
HS2_0052,2,1,i14,GL
HS2_0053,2,1,g14,GL
HS2_0054,2,1,e14,GL
HS2_0055,2,1,c14,GL
HS2_0056,2,1,a14,GL
HS2_0057,2,1,o16,GL
HS2_0058,2,1,m16,GL
HS2_0059,2,1,k16,GL
HS2_0060,2,1,i16,GL
HS2_0061,2,1,g16,GL
HS2_0062,2,1,e16,GL
HS2_0063,2,1,c16,GL
HS2_0064,2,1,a16,GL
HS2_0065,2,1,o18,GL
HS2_0066,2,1,m18,GL
HS2_0067,2,1,k18,GL
HS2_0068,2,1,i18,GL
HS2_0069,2,1,g18,GL
HS2_0070,2,1,e18,GL
HS2_0071,2,1,c18,GL
HS2_0072,2,1,a18,GL
HS2_0073,2,1,o20,GL
HS2_0074,2,1,m20,GL
HS2_0075,2,1,k20,GL
HS2_0076,2,1,i20,GL
HS2_0077,2,1,g20,GL
HS2_0078,2,1,e20,GL
HS2_0079,2,1,c20,GL
HS2_0080,2,1,a20,GL
HS2_0081,2,1,o22,GL
HS2_0082,2,1,m22,GL
HS2_0083,2,1,k22,GL
HS2_0084,2,1,i22,GL
HS2_0085,2,1,g22,GL
HS2_0086,2,1,e22,GL
HS2_0087,2,1,c22,GL
HS2_0088,2,1,a22,GL
HS2_0089,2,1,o24,GL
HS2_0090,2,1,m24,GL
HS2_0091,2,1,k24,GL
HS2_0092,2,1,i24,GL
HS2_0093,2,1,g24,GL
HS2_0094,2,1,e24,GL
HS2_0095,2,1,c24,GL
HS2_0096,2,1,a24,GL
HS2_0097,2,2,p2,GC
HS2_0098,2,2,n2,GC
HS2_0099,2,2,l2,GC
HS2_0100,2,2,j2,GC
HS2_0101,2,2,h2,GC
HS2_0102,2,2,f2,GC
HS2_0103,2,2,d2,GC
HS2_0104,2,2,b2,GC
HS2_0105,2,2,p4,GC
HS2_0106,2,2,n4,GC
HS2_0107,2,2,l4,GC
HS2_0108,2,2,j4,GC
HS2_0109,2,2,h4,GC
HS2_0110,2,2,f4,GC
HS2_0111,2,2,d4,GC
HS2_0112,2,2,b4,GC
HS2_0113,2,2,p6,GC
HS2_0114,2,2,n6,GC
HS2_0115,2,2,l6,GC
HS2_0116,2,2,j6,GC
HS2_0117,2,2,h6,GC
HS2_0118,2,2,f6,GC
HS2_0119,2,2,d6,GC
HS2_0120,2,2,b6,GC
HS2_0121,2,2,p8,GC
HS2_0122,2,2,n8,GC
HS2_0123,2,2,l8,GC
HS2_0124,2,2,j8,GC
HS2_0125,2,2,h8,GC
HS2_0126,2,2,f8,GC
HS2_0127,2,2,d8,GC
HS2_0128,2,2,b8,GC
HS2_0129,2,2,p10,GC
HS2_0130,2,2,n10,GC
HS2_0131,2,2,l10,GC
HS2_0132,2,2,j10,GC
HS2_0133,2,2,h10,GC
HS2_0134,2,2,f10,GC
HS2_0135,2,2,d10,GC
HS2_0136,2,2,b10,GC
HS2_0137,2,2,p12,GC
HS2_0138,2,2,n12,GC
HS2_0139,2,2,l12,GC
HS2_0140,2,2,j12,GC
HS2_0141,2,2,h12,GC
HS2_0142,2,2,f12,GC
HS2_0143,2,2,d12,GC
HS2_0144,2,2,b12,GC
HS2_0145,2,2,p14,GLC
HS2_0146,2,2,n14,GLC
HS2_0147,2,2,l14,GLC
HS2_0148,2,2,j14,GLC
HS2_0149,2,2,h14,GLC
HS2_0150,2,2,f14,GLC
HS2_0151,2,2,d14,GLC
HS2_0152,2,2,b14,GLC
HS2_0153,2,2,p16,GLC
HS2_0154,2,2,n16,GLC
HS2_0155,2,2,l16,GLC
HS2_0156,2,2,j16,GLC
HS2_0157,2,2,h16,GLC
HS2_0158,2,2,f16,GLC
HS2_0159,2,2,d16,GLC
HS2_0160,2,2,b16,GLC
HS2_0161,2,2,p18,GLC
HS2_0162,2,2,n18,GLC
HS2_0163,2,2,l18,GLC
HS2_0164,2,2,j18,GLC
HS2_0165,2,2,h18,GLC
HS2_0166,2,2,f18,GLC
HS2_0167,2,2,d18,GLC
HS2_0168,2,2,b18,GLC
HS2_0169,2,2,p20,GLC
HS2_0170,2,2,n20,GLC
HS2_0171,2,2,l20,GLC
HS2_0172,2,2,j20,GLC
HS2_0173,2,2,h20,GLC
HS2_0174,2,2,f20,GLC
HS2_0175,2,2,d20,GLC
HS2_0176,2,2,b20,GLC
HS2_0177,2,2,p22,GLC
HS2_0178,2,2,n22,GLC
HS2_0179,2,2,l22,GLC
HS2_0180,2,2,j22,GLC
HS2_0181,2,2,h22,GLC
HS2_0182,2,2,f22,GLC
HS2_0183,2,2,d22,GLC
HS2_0184,2,2,b22,GLC
HS2_0185,2,2,p24,GLC
HS2_0186,2,2,n24,GLC
HS2_0187,2,2,l24,GLC
HS2_0188,2,2,j24,GLC
HS2_0189,2,2,h24,GLC
HS2_0190,2,2,f24,GLC
HS2_0191,2,2,d24,GLC
HS2_0192,2,2,b24,GLC
HS2_0193,2,3,o1,HG
HS2_0194,2,3,m1,HG
HS2_0195,2,3,k1,HG
HS2_0196,2,3,i1,HG
HS2_0197,2,3,g1,HG
HS2_0198,2,3,e1,HG
HS2_0199,2,3,c1,HG
HS2_0200,2,3,a1,HG
HS2_0201,2,3,o3,HG
HS2_0202,2,3,m3,HG
HS2_0203,2,3,k3,HG
HS2_0204,2,3,i3,HG
HS2_0205,2,3,g3,HG
HS2_0206,2,3,e3,HG
HS2_0207,2,3,c3,HG
HS2_0208,2,3,a3,HG
HS2_0209,2,3,o5,HG
HS2_0210,2,3,m5,HG
HS2_0211,2,3,k5,HG
HS2_0212,2,3,i5,HG
HS2_0213,2,3,g5,HG
HS2_0214,2,3,e5,HG
HS2_0215,2,3,c5,HG
HS2_0216,2,3,a5,HG
HS2_0217,2,3,o7,HG
HS2_0218,2,3,m7,HG
HS2_0219,2,3,k7,HG
HS2_0220,2,3,i7,HG
HS2_0221,2,3,g7,HG
HS2_0222,2,3,e7,HG
HS2_0223,2,3,c7,HG
HS2_0224,2,3,a7,HG
HS2_0225,2,3,o9,HG
HS2_0226,2,3,m9,HG
HS2_0227,2,3,k9,HG
HS2_0228,2,3,i9,HG
HS2_0229,2,3,g9,HG
HS2_0230,2,3,e9,HG
HS2_0231,2,3,c9,HG
HS2_0232,2,3,a9,HG
HS2_0233,2,3,o11,HG
HS2_0234,2,3,m11,HG
HS2_0235,2,3,k11,HG
HS2_0236,2,3,i11,HG
HS2_0237,2,3,g11,HG
HS2_0238,2,3,e11,HG
HS2_0239,2,3,c11,HG
HS2_0240,2,3,a11,HG
HS2_0241,2,3,o13,HGL
HS2_0242,2,3,m13,HGL
HS2_0243,2,3,k13,HGL
HS2_0244,2,3,i13,HGL
HS2_0245,2,3,g13,HGL
HS2_0246,2,3,e13,HGL
HS2_0247,2,3,c13,HGL
HS2_0248,2,3,a13,HGL
HS2_0249,2,3,o15,HGL
HS2_0250,2,3,m15,HGL
HS2_0251,2,3,k15,HGL
HS2_0252,2,3,i15,HGL
HS2_0253,2,3,g15,HGL
HS2_0254,2,3,e15,HGL
HS2_0255,2,3,c15,HGL
HS2_0256,2,3,a15,HGL
HS2_0257,2,3,o17,HGL
HS2_0258,2,3,m17,HGL
HS2_0259,2,3,k17,HGL
HS2_0260,2,3,i17,HGL
HS2_0261,2,3,g17,HGL
HS2_0262,2,3,e17,HGL
HS2_0263,2,3,c17,HGL
HS2_0264,2,3,a17,HGL
HS2_0265,2,3,o19,HGL
HS2_0266,2,3,m19,HGL
HS2_0267,2,3,k19,HGL
HS2_0268,2,3,i19,HGL
HS2_0269,2,3,g19,HGL
HS2_0270,2,3,e19,HGL
HS2_0271,2,3,c19,HGL
HS2_0272,2,3,a19,HGL
HS2_0273,2,3,o21,HGL
HS2_0274,2,3,m21,HGL
HS2_0275,2,3,k21,HGL
HS2_0276,2,3,i21,HGL
HS2_0277,2,3,g21,HGL
HS2_0278,2,3,e21,HGL
HS2_0279,2,3,c21,HGL
HS2_0280,2,3,a21,HGL
HS2_0281,2,3,o23,HGL
HS2_0282,2,3,m23,HGL
HS2_0283,2,3,k23,HGL
HS2_0284,2,3,i23,HGL
HS2_0285,2,3,g23,HGL
HS2_0286,2,3,e23,HGL
HS2_0287,2,3,c23,HGL
HS2_0288,2,3,a23,HGL
HS2_0289,2,4,p1,HGC
HS2_0290,2,4,n1,HGC
HS2_0291,2,4,l1,HGC
HS2_0292,2,4,j1,HGC
HS2_0293,2,4,h1,HGC
HS2_0294,2,4,f1,HGC
HS2_0295,2,4,d1,HGC
HS2_0296,2,4,b1,HGC
HS2_0297,2,4,p3,HGC
HS2_0298,2,4,n3,HGC
HS2_0299,2,4,l3,HGC
HS2_0300,2,4,j3,HGC
HS2_0301,2,4,h3,HGC
HS2_0302,2,4,f3,HGC
HS2_0303,2,4,d3,HGC
HS2_0304,2,4,b3,HGC
HS2_0305,2,4,p5,HGC
HS2_0306,2,4,n5,HGC
HS2_0307,2,4,l5,HGC
HS2_0308,2,4,j5,HGC
HS2_0309,2,4,h5,HGC
HS2_0310,2,4,f5,HGC
HS2_0311,2,4,d5,HGC
HS2_0312,2,4,b5,HGC
HS2_0313,2,4,p7,HGC
HS2_0314,2,4,n7,HGC
HS2_0315,2,4,l7,HGC
HS2_0316,2,4,j7,HGC
HS2_0317,2,4,h7,HGC
HS2_0318,2,4,f7,HGC
HS2_0319,2,4,d7,HGC
HS2_0320,2,4,b7,HGC
HS2_0321,2,4,p9,HGC
HS2_0322,2,4,n9,HGC
HS2_0323,2,4,l9,HGC
HS2_0324,2,4,j9,HGC
HS2_0325,2,4,h9,HGC
HS2_0326,2,4,f9,HGC
HS2_0327,2,4,d9,HGC
HS2_0328,2,4,b9,HGC
HS2_0329,2,4,p11,HGC
HS2_0330,2,4,n11,HGC
HS2_0331,2,4,l11,HGC
HS2_0332,2,4,j11,HGC
HS2_0333,2,4,h11,HGC
HS2_0334,2,4,f11,HGC
HS2_0335,2,4,d11,HGC
HS2_0336,2,4,b11,HGC
HS2_0337,2,4,p13,HGLC
HS2_0338,2,4,n13,HGLC
HS2_0339,2,4,l13,HGLC
HS2_0340,2,4,j13,HGLC
HS2_0341,2,4,h13,HGLC
HS2_0342,2,4,f13,HGLC
HS2_0343,2,4,d13,HGLC
HS2_0344,2,4,b13,HGLC
HS2_0345,2,4,p15,HGLC
HS2_0346,2,4,n15,HGLC
HS2_0347,2,4,l15,HGLC
HS2_0348,2,4,j15,HGLC
HS2_0349,2,4,h15,HGLC
HS2_0350,2,4,f15,HGLC
HS2_0351,2,4,d15,HGLC
HS2_0352,2,4,b15,HGLC
HS2_0353,2,4,p17,HGLC
HS2_0354,2,4,n17,HGLC
HS2_0355,2,4,l17,HGLC
HS2_0356,2,4,j17,HGLC
HS2_0357,2,4,h17,HGLC
HS2_0358,2,4,f17,HGLC
HS2_0359,2,4,d17,HGLC
HS2_0360,2,4,b17,HGLC
HS2_0361,2,4,p19,HGLC
HS2_0362,2,4,n19,HGLC
HS2_0363,2,4,l19,HGLC
HS2_0364,2,4,j19,HGLC
HS2_0365,2,4,h19,HGLC
HS2_0366,2,4,f19,HGLC
HS2_0367,2,4,d19,HGLC
HS2_0368,2,4,b19,HGLC
HS2_0369,2,4,p21,HGLC
HS2_0370,2,4,n21,HGLC
HS2_0371,2,4,l21,HGLC
HS2_0372,2,4,j21,HGLC
HS2_0373,2,4,h21,HGLC
HS2_0374,2,4,f21,HGLC
HS2_0375,2,4,d21,HGLC
HS2_0376,2,4,b21,HGLC
HS2_0377,2,4,p23,HGLC
HS2_0378,2,4,n23,HGLC
HS2_0379,2,4,l23,HGLC
HS2_0380,2,4,j23,HGLC
HS2_0381,2,4,h23,HGLC
HS2_0382,2,4,f23,HGLC
HS2_0383,2,4,d23,HGLC
HS2_0384,2,4,b23,HGLC
HS2_0385,4,1,o2,G
HS2_0386,4,1,m2,G
HS2_0387,4,1,k2,G
HS2_0388,4,1,i2,G
HS2_0389,4,1,g2,G
HS2_0390,4,1,e2,G
HS2_0391,4,1,c2,G
HS2_0392,4,1,a2,G
HS2_0393,4,1,o4,G
HS2_0394,4,1,m4,G
HS2_0395,4,1,k4,G
HS2_0396,4,1,i4,G
HS2_0397,4,1,g4,G
HS2_0398,4,1,e4,G
HS2_0399,4,1,c4,G
HS2_0400,4,1,a4,G
HS2_0401,4,1,o6,G
HS2_0402,4,1,m6,G
HS2_0403,4,1,k6,G
HS2_0404,4,1,i6,G
HS2_0405,4,1,g6,G
HS2_0406,4,1,e6,G
HS2_0407,4,1,c6,G
HS2_0408,4,1,a6,G
HS2_0409,4,1,o8,G
HS2_0410,4,1,m8,G
HS2_0411,4,1,k8,G
HS2_0412,4,1,i8,G
HS2_0413,4,1,g8,G
HS2_0414,4,1,e8,G
HS2_0415,4,1,c8,G
HS2_0416,4,1,a8,G
HS2_0417,4,1,o10,G
HS2_0418,4,1,m10,G
HS2_0419,4,1,k10,G
HS2_0420,4,1,i10,G
HS2_0421,4,1,g10,G
HS2_0422,4,1,e10,G
HS2_0423,4,1,c10,G
HS2_0424,4,1,a10,G
HS2_0425,4,1,o12,G
HS2_0426,4,1,m12,G
HS2_0427,4,1,k12,G
HS2_0428,4,1,i12,G
HS2_0429,4,1,g12,G
HS2_0430,4,1,e12,G
HS2_0431,4,1,c12,G
HS2_0432,4,1,a12,G
HS2_0433,4,1,o14,GL
HS2_0434,4,1,m14,GL
HS2_0435,4,1,k14,GL
HS2_0436,4,1,i14,GL
HS2_0437,4,1,g14,GL
HS2_0438,4,1,e14,GL
HS2_0439,4,1,c14,GL
HS2_0440,4,1,a14,GL
HS2_0441,4,1,o16,GL
HS2_0442,4,1,m16,GL
HS2_0443,4,1,k16,GL
HS2_0444,4,1,i16,GL
HS2_0445,4,1,g16,GL
HS2_0446,4,1,e16,GL
HS2_0447,4,1,c16,GL
HS2_0448,4,1,a16,GL
HS2_0449,4,1,o18,GL
HS2_0450,4,1,m18,GL
HS2_0451,4,1,k18,GL
HS2_0452,4,1,i18,GL
HS2_0453,4,1,g18,GL
HS2_0454,4,1,e18,GL
HS2_0455,4,1,c18,GL
HS2_0456,4,1,a18,GL
HS2_0457,4,1,o20,GL
HS2_0458,4,1,m20,GL
HS2_0459,4,1,k20,GL
HS2_0460,4,1,i20,GL
HS2_0461,4,1,g20,GL
HS2_0462,4,1,e20,GL
HS2_0463,4,1,c20,GL
HS2_0464,4,1,a20,GL
HS2_0465,4,1,o22,GL
HS2_0466,4,1,m22,GL
HS2_0467,4,1,k22,GL
HS2_0468,4,1,i22,GL
HS2_0469,4,1,g22,GL
HS2_0470,4,1,e22,GL
HS2_0471,4,1,c22,GL
HS2_0472,4,1,a22,GL
HS2_0473,4,1,o24,GL
HS2_0474,4,1,m24,GL
HS2_0475,4,1,k24,GL
HS2_0476,4,1,i24,GL
HS2_0477,4,1,g24,GL
HS2_0478,4,1,e24,GL
HS2_0479,4,1,c24,GL
HS2_0480,4,1,a24,GL
HS2_0481,4,2,p2,GC
HS2_0482,4,2,n2,GC
HS2_0483,4,2,l2,GC
HS2_0484,4,2,j2,GC
HS2_0485,4,2,h2,GC
HS2_0486,4,2,f2,GC
HS2_0487,4,2,d2,GC
HS2_0488,4,2,b2,GC
HS2_0489,4,2,p4,GC
HS2_0490,4,2,n4,GC
HS2_0491,4,2,l4,GC
HS2_0492,4,2,j4,GC
HS2_0493,4,2,h4,GC
HS2_0494,4,2,f4,GC
HS2_0495,4,2,d4,GC
HS2_0496,4,2,b4,GC
HS2_0497,4,2,p6,GC
HS2_0498,4,2,n6,GC
HS2_0499,4,2,l6,GC
HS2_0500,4,2,j6,GC
HS2_0501,4,2,h6,GC
HS2_0502,4,2,f6,GC
HS2_0503,4,2,d6,GC
HS2_0504,4,2,b6,GC
HS2_0505,4,2,p8,GC
HS2_0506,4,2,n8,GC
HS2_0507,4,2,l8,GC
HS2_0508,4,2,j8,GC
HS2_0509,4,2,h8,GC
HS2_0510,4,2,f8,GC
HS2_0511,4,2,d8,GC
HS2_0512,4,2,b8,GC
HS2_0513,4,2,p10,GC
HS2_0514,4,2,n10,GC
HS2_0515,4,2,l10,GC
HS2_0516,4,2,j10,GC
HS2_0517,4,2,h10,GC
HS2_0518,4,2,f10,GC
HS2_0519,4,2,d10,GC
HS2_0520,4,2,b10,GC
HS2_0521,4,2,p12,GC
HS2_0522,4,2,n12,GC
HS2_0523,4,2,l12,GC
HS2_0524,4,2,j12,GC
HS2_0525,4,2,h12,GC
HS2_0526,4,2,f12,GC
HS2_0527,4,2,d12,GC
HS2_0528,4,2,b12,GC
HS2_0529,4,2,p14,GLC
HS2_0530,4,2,n14,GLC
HS2_0531,4,2,l14,GLC
HS2_0532,4,2,j14,GLC
HS2_0533,4,2,h14,GLC
HS2_0534,4,2,f14,GLC
HS2_0535,4,2,d14,GLC
HS2_0536,4,2,b14,GLC
HS2_0537,4,2,p16,GLC
HS2_0538,4,2,n16,GLC
HS2_0539,4,2,l16,GLC
HS2_0540,4,2,j16,GLC
HS2_0541,4,2,h16,GLC
HS2_0542,4,2,f16,GLC
HS2_0543,4,2,d16,GLC
HS2_0544,4,2,b16,GLC
HS2_0545,4,2,p18,GLC
HS2_0546,4,2,n18,GLC
HS2_0547,4,2,l18,GLC
HS2_0548,4,2,j18,GLC
HS2_0549,4,2,h18,GLC
HS2_0550,4,2,f18,GLC
HS2_0551,4,2,d18,GLC
HS2_0552,4,2,b18,GLC
HS2_0553,4,2,p20,GLC
HS2_0554,4,2,n20,GLC
HS2_0555,4,2,l20,GLC
HS2_0556,4,2,j20,GLC
HS2_0557,4,2,h20,GLC
HS2_0558,4,2,f20,GLC
HS2_0559,4,2,d20,GLC
HS2_0560,4,2,b20,GLC
HS2_0561,4,2,p22,GLC
HS2_0562,4,2,n22,GLC
HS2_0563,4,2,l22,GLC
HS2_0564,4,2,j22,GLC
HS2_0565,4,2,h22,GLC
HS2_0566,4,2,f22,GLC
HS2_0567,4,2,d22,GLC
HS2_0568,4,2,b22,GLC
HS2_0569,4,2,p24,GLC
HS2_0570,4,2,n24,GLC
HS2_0571,4,2,l24,GLC
HS2_0572,4,2,j24,GLC
HS2_0573,4,2,h24,GLC
HS2_0574,4,2,f24,GLC
HS2_0575,4,2,d24,GLC
HS2_0576,4,2,b24,GLC
HS2_0577,4,3,o1,HG
HS2_0578,4,3,m1,HG
HS2_0579,4,3,k1,HG
HS2_0580,4,3,i1,HG
HS2_0581,4,3,g1,HG
HS2_0582,4,3,e1,HG
HS2_0583,4,3,c1,HG
HS2_0584,4,3,a1,HG
HS2_0585,4,3,o3,HG
HS2_0586,4,3,m3,HG
HS2_0587,4,3,k3,HG
HS2_0588,4,3,i3,HG
HS2_0589,4,3,g3,HG
HS2_0590,4,3,e3,HG
HS2_0591,4,3,c3,HG
HS2_0592,4,3,a3,HG
HS2_0593,4,3,o5,HG
HS2_0594,4,3,m5,HG
HS2_0595,4,3,k5,HG
HS2_0596,4,3,i5,HG
HS2_0597,4,3,g5,HG
HS2_0598,4,3,e5,HG
HS2_0599,4,3,c5,HG
HS2_0600,4,3,a5,HG
HS2_0601,4,3,o7,HG
HS2_0602,4,3,m7,HG
HS2_0603,4,3,k7,HG
HS2_0604,4,3,i7,HG
HS2_0605,4,3,g7,HG
HS2_0606,4,3,e7,HG
HS2_0607,4,3,c7,HG
HS2_0608,4,3,a7,HG
HS2_0609,4,3,o9,HG
HS2_0610,4,3,m9,HG
HS2_0611,4,3,k9,HG
HS2_0612,4,3,i9,HG
HS2_0613,4,3,g9,HG
HS2_0614,4,3,e9,HG
HS2_0615,4,3,c9,HG
HS2_0616,4,3,a9,HG
HS2_0617,4,3,o11,HG
HS2_0618,4,3,m11,HG
HS2_0619,4,3,k11,HG
HS2_0620,4,3,i11,HG
HS2_0621,4,3,g11,HG
HS2_0622,4,3,e11,HG
HS2_0623,4,3,c11,HG
HS2_0624,4,3,a11,HG
HS2_0625,4,3,o13,HGL
HS2_0626,4,3,m13,HGL
HS2_0627,4,3,k13,HGL
HS2_0628,4,3,i13,HGL
HS2_0629,4,3,g13,HGL
HS2_0630,4,3,e13,HGL
HS2_0631,4,3,c13,HGL
HS2_0632,4,3,a13,HGL
HS2_0633,4,3,o15,HGL
HS2_0634,4,3,m15,HGL
HS2_0635,4,3,k15,HGL
HS2_0636,4,3,i15,HGL
HS2_0637,4,3,g15,HGL
HS2_0638,4,3,e15,HGL
HS2_0639,4,3,c15,HGL
HS2_0640,4,3,a15,HGL
HS2_0641,4,3,o17,HGL
HS2_0642,4,3,m17,HGL
HS2_0643,4,3,k17,HGL
HS2_0644,4,3,i17,HGL
HS2_0645,4,3,g17,HGL
HS2_0646,4,3,e17,HGL
HS2_0647,4,3,c17,HGL
HS2_0648,4,3,a17,HGL
HS2_0649,4,3,o19,HGL
HS2_0650,4,3,m19,HGL
HS2_0651,4,3,k19,HGL
HS2_0652,4,3,i19,HGL
HS2_0653,4,3,g19,HGL
HS2_0654,4,3,e19,HGL
HS2_0655,4,3,c19,HGL
HS2_0656,4,3,a19,HGL
HS2_0657,4,3,o21,HGL
HS2_0658,4,3,m21,HGL
HS2_0659,4,3,k21,HGL
HS2_0660,4,3,i21,HGL
HS2_0661,4,3,g21,HGL
HS2_0662,4,3,e21,HGL
HS2_0663,4,3,c21,HGL
HS2_0664,4,3,a21,HGL
HS2_0665,4,3,o23,HGL
HS2_0666,4,3,m23,HGL
HS2_0667,4,3,k23,HGL
HS2_0668,4,3,i23,HGL
HS2_0669,4,3,g23,HGL
HS2_0670,4,3,e23,HGL
HS2_0671,4,3,c23,HGL
HS2_0672,4,3,a23,HGL
HS2_0673,4,4,p1,HGC
HS2_0674,4,4,n1,HGC
HS2_0675,4,4,l1,HGC
HS2_0676,4,4,j1,HGC
HS2_0677,4,4,h1,HGC
HS2_0678,4,4,f1,HGC
HS2_0679,4,4,d1,HGC
HS2_0680,4,4,b1,HGC
HS2_0681,4,4,p3,HGC
HS2_0682,4,4,n3,HGC
HS2_0683,4,4,l3,HGC
HS2_0684,4,4,j3,HGC
HS2_0685,4,4,h3,HGC
HS2_0686,4,4,f3,HGC
HS2_0687,4,4,d3,HGC
HS2_0688,4,4,b3,HGC
HS2_0689,4,4,p5,HGC
HS2_0690,4,4,n5,HGC
HS2_0691,4,4,l5,HGC
HS2_0692,4,4,j5,HGC
HS2_0693,4,4,h5,HGC
HS2_0694,4,4,f5,HGC
HS2_0695,4,4,d5,HGC
HS2_0696,4,4,b5,HGC
HS2_0697,4,4,p7,HGC
HS2_0698,4,4,n7,HGC
HS2_0699,4,4,l7,HGC
HS2_0700,4,4,j7,HGC
HS2_0701,4,4,h7,HGC
HS2_0702,4,4,f7,HGC
HS2_0703,4,4,d7,HGC
HS2_0704,4,4,b7,HGC
HS2_0705,4,4,p9,HGC
HS2_0706,4,4,n9,HGC
HS2_0707,4,4,l9,HGC
HS2_0708,4,4,j9,HGC
HS2_0709,4,4,h9,HGC
HS2_0710,4,4,f9,HGC
HS2_0711,4,4,d9,HGC
HS2_0712,4,4,b9,HGC
HS2_0713,4,4,p11,HGC
HS2_0714,4,4,n11,HGC
HS2_0715,4,4,l11,HGC
HS2_0716,4,4,j11,HGC
HS2_0717,4,4,h11,HGC
HS2_0718,4,4,f11,HGC
HS2_0719,4,4,d11,HGC
HS2_0720,4,4,b11,HGC
HS2_0721,4,4,p13,HGLC
HS2_0722,4,4,n13,HGLC
HS2_0723,4,4,l13,HGLC
HS2_0724,4,4,j13,HGLC
HS2_0725,4,4,h13,HGLC
HS2_0726,4,4,f13,HGLC
HS2_0727,4,4,d13,HGLC
HS2_0728,4,4,b13,HGLC
HS2_0729,4,4,p15,HGLC
HS2_0730,4,4,n15,HGLC
HS2_0731,4,4,l15,HGLC
HS2_0732,4,4,j15,HGLC
HS2_0733,4,4,h15,HGLC
HS2_0734,4,4,f15,HGLC
HS2_0735,4,4,d15,HGLC
HS2_0736,4,4,b15,HGLC
HS2_0737,4,4,p17,HGLC
HS2_0738,4,4,n17,HGLC
HS2_0739,4,4,l17,HGLC
HS2_0740,4,4,j17,HGLC
HS2_0741,4,4,h17,HGLC
HS2_0742,4,4,f17,HGLC
HS2_0743,4,4,d17,HGLC
HS2_0744,4,4,b17,HGLC
HS2_0745,4,4,p19,HGLC
HS2_0746,4,4,n19,HGLC
HS2_0747,4,4,l19,HGLC
HS2_0748,4,4,j19,HGLC
HS2_0749,4,4,h19,HGLC
HS2_0750,4,4,f19,HGLC
HS2_0751,4,4,d19,HGLC
HS2_0752,4,4,b19,HGLC
HS2_0753,4,4,p21,HGLC
HS2_0754,4,4,n21,HGLC
HS2_0755,4,4,l21,HGLC
HS2_0756,4,4,j21,HGLC
HS2_0757,4,4,h21,HGLC
HS2_0758,4,4,f21,HGLC
HS2_0759,4,4,d21,HGLC
HS2_0760,4,4,b21,HGLC
HS2_0761,4,4,p23,HGLC
HS2_0762,4,4,n23,HGLC
HS2_0763,4,4,l23,HGLC
HS2_0764,4,4,j23,HGLC
HS2_0765,4,4,h23,HGLC
HS2_0766,4,4,f23,HGLC
HS2_0767,4,4,d23,HGLC
HS2_0768,4,4,b23,HGLC
HS2_0769,6,1,o2,G
HS2_0770,6,1,m2,G
HS2_0771,6,1,k2,G
HS2_0772,6,1,i2,G
HS2_0773,6,1,g2,G
HS2_0774,6,1,e2,G
HS2_0775,6,1,c2,G
HS2_0776,6,1,a2,G
HS2_0777,6,1,o4,G
HS2_0778,6,1,m4,G
HS2_0779,6,1,k4,G
HS2_0780,6,1,i4,G
HS2_0781,6,1,g4,G
HS2_0782,6,1,e4,G
HS2_0783,6,1,c4,G
HS2_0784,6,1,a4,G
HS2_0785,6,1,o6,G
HS2_0786,6,1,m6,G
HS2_0787,6,1,k6,G
HS2_0788,6,1,i6,G
HS2_0789,6,1,g6,G
HS2_0790,6,1,e6,G
HS2_0791,6,1,c6,G
HS2_0792,6,1,a6,G
HS2_0793,6,1,o8,G
HS2_0794,6,1,m8,G
HS2_0795,6,1,k8,G
HS2_0796,6,1,i8,G
HS2_0797,6,1,g8,G
HS2_0798,6,1,e8,G
HS2_0799,6,1,c8,G
HS2_0800,6,1,a8,G
HS2_0801,6,1,o10,G
HS2_0802,6,1,m10,G
HS2_0803,6,1,k10,G
HS2_0804,6,1,i10,G
HS2_0805,6,1,g10,G
HS2_0806,6,1,e10,G
HS2_0807,6,1,c10,G
HS2_0808,6,1,a10,G
HS2_0809,6,1,o12,G
HS2_0810,6,1,m12,G
HS2_0811,6,1,k12,G
HS2_0812,6,1,i12,G
HS2_0813,6,1,g12,G
HS2_0814,6,1,e12,G
HS2_0815,6,1,c12,G
HS2_0816,6,1,a12,G
HS2_0817,6,1,o14,GL
HS2_0818,6,1,m14,GL
HS2_0819,6,1,k14,GL
HS2_0820,6,1,i14,GL
HS2_0821,6,1,g14,GL
HS2_0822,6,1,e14,GL
HS2_0823,6,1,c14,GL
HS2_0824,6,1,a14,GL
HS2_0825,6,1,o16,GL
HS2_0826,6,1,m16,GL
HS2_0827,6,1,k16,GL
HS2_0828,6,1,i16,GL
HS2_0829,6,1,g16,GL
HS2_0830,6,1,e16,GL
HS2_0831,6,1,c16,GL
HS2_0832,6,1,a16,GL
HS2_0833,6,1,o18,GL
HS2_0834,6,1,m18,GL
HS2_0835,6,1,k18,GL
HS2_0836,6,1,i18,GL
HS2_0837,6,1,g18,GL
HS2_0838,6,1,e18,GL
HS2_0839,6,1,c18,GL
HS2_0840,6,1,a18,GL
HS2_0841,6,1,o20,GL
HS2_0842,6,1,m20,GL
HS2_0843,6,1,k20,GL
HS2_0844,6,1,i20,GL
HS2_0845,6,1,g20,GL
HS2_0846,6,1,e20,GL
HS2_0847,6,1,c20,GL
HS2_0848,6,1,a20,GL
HS2_0849,6,1,o22,GL
HS2_0850,6,1,m22,GL
HS2_0851,6,1,k22,GL
HS2_0852,6,1,i22,GL
HS2_0853,6,1,g22,GL
HS2_0854,6,1,e22,GL
HS2_0855,6,1,c22,GL
HS2_0856,6,1,a22,GL
HS2_0857,6,1,o24,GL
HS2_0858,6,1,m24,GL
HS2_0859,6,1,k24,GL
HS2_0860,6,1,i24,GL
HS2_0861,6,1,g24,GL
HS2_0862,6,1,e24,GL
HS2_0863,6,1,c24,GL
HS2_0864,6,1,a24,GL
HS2_0865,6,2,p2,GC
HS2_0866,6,2,n2,GC
HS2_0867,6,2,l2,GC
HS2_0868,6,2,j2,GC
HS2_0869,6,2,h2,GC
HS2_0870,6,2,f2,GC
HS2_0871,6,2,d2,GC
HS2_0872,6,2,b2,GC
HS2_0873,6,2,p4,GC
HS2_0874,6,2,n4,GC
HS2_0875,6,2,l4,GC
HS2_0876,6,2,j4,GC
HS2_0877,6,2,h4,GC
HS2_0878,6,2,f4,GC
HS2_0879,6,2,d4,GC
HS2_0880,6,2,b4,GC
HS2_0881,6,2,p6,GC
HS2_0882,6,2,n6,GC
HS2_0883,6,2,l6,GC
HS2_0884,6,2,j6,GC
HS2_0885,6,2,h6,GC
HS2_0886,6,2,f6,GC
HS2_0887,6,2,d6,GC
HS2_0888,6,2,b6,GC
HS2_0889,6,2,p8,GC
HS2_0890,6,2,n8,GC
HS2_0891,6,2,l8,GC
HS2_0892,6,2,j8,GC
HS2_0893,6,2,h8,GC
HS2_0894,6,2,f8,GC
HS2_0895,6,2,d8,GC
HS2_0896,6,2,b8,GC
HS2_0897,6,2,p10,GC
HS2_0898,6,2,n10,GC
HS2_0899,6,2,l10,GC
HS2_0900,6,2,j10,GC
HS2_0901,6,2,h10,GC
HS2_0902,6,2,f10,GC
HS2_0903,6,2,d10,GC
HS2_0904,6,2,b10,GC
HS2_0905,6,2,p12,GC
HS2_0906,6,2,n12,GC
HS2_0907,6,2,l12,GC
HS2_0908,6,2,j12,GC
HS2_0909,6,2,h12,GC
HS2_0910,6,2,f12,GC
HS2_0911,6,2,d12,GC
HS2_0912,6,2,b12,GC
HS2_0913,6,2,p14,GLC
HS2_0914,6,2,n14,GLC
HS2_0915,6,2,l14,GLC
HS2_0916,6,2,j14,GLC
HS2_0917,6,2,h14,GLC
HS2_0918,6,2,f14,GLC
HS2_0919,6,2,d14,GLC
HS2_0920,6,2,b14,GLC
HS2_0921,6,2,p16,GLC
HS2_0922,6,2,n16,GLC
HS2_0923,6,2,l16,GLC
HS2_0924,6,2,j16,GLC
HS2_0925,6,2,h16,GLC
HS2_0926,6,2,f16,GLC
HS2_0927,6,2,d16,GLC
HS2_0928,6,2,b16,GLC
HS2_0929,6,2,p18,GLC
HS2_0930,6,2,n18,GLC
HS2_0931,6,2,l18,GLC
HS2_0932,6,2,j18,GLC
HS2_0933,6,2,h18,GLC
HS2_0934,6,2,f18,GLC
HS2_0935,6,2,d18,GLC
HS2_0936,6,2,b18,GLC
HS2_0937,6,2,p20,GLC
HS2_0938,6,2,n20,GLC
HS2_0939,6,2,l20,GLC
HS2_0940,6,2,j20,GLC
HS2_0941,6,2,h20,GLC
HS2_0942,6,2,f20,GLC
HS2_0943,6,2,d20,GLC
HS2_0944,6,2,b20,GLC
HS2_0945,6,2,p22,GLC
HS2_0946,6,2,n22,GLC
HS2_0947,6,2,l22,GLC
HS2_0948,6,2,j22,GLC
HS2_0949,6,2,h22,GLC
HS2_0950,6,2,f22,GLC
HS2_0951,6,2,d22,GLC
HS2_0952,6,2,b22,GLC
HS2_0953,6,2,p24,GLC
HS2_0954,6,2,n24,GLC
HS2_0955,6,2,l24,GLC
HS2_0956,6,2,j24,GLC
HS2_0957,6,2,h24,GLC
HS2_0958,6,2,f24,GLC
HS2_0959,6,2,d24,GLC
HS2_0960,6,2,b24,GLC
HS2_0961,6,3,o1,HG
HS2_0962,6,3,m1,HG
HS2_0963,6,3,k1,HG
HS2_0964,6,3,i1,HG
HS2_0965,6,3,g1,HG
HS2_0966,6,3,e1,HG
HS2_0967,6,3,c1,HG
HS2_0968,6,3,a1,HG
HS2_0969,6,3,o3,HG
HS2_0970,6,3,m3,HG
HS2_0971,6,3,k3,HG
HS2_0972,6,3,i3,HG
HS2_0973,6,3,g3,HG
HS2_0974,6,3,e3,HG
HS2_0975,6,3,c3,HG
HS2_0976,6,3,a3,HG
HS2_0977,6,3,o5,HG
HS2_0978,6,3,m5,HG
HS2_0979,6,3,k5,HG
HS2_0980,6,3,i5,HG
HS2_0981,6,3,g5,HG
HS2_0982,6,3,e5,HG
HS2_0983,6,3,c5,HG
HS2_0984,6,3,a5,HG
HS2_0985,6,3,o7,HG
HS2_0986,6,3,m7,HG
HS2_0987,6,3,k7,HG
HS2_0988,6,3,i7,HG
HS2_0989,6,3,g7,HG
HS2_0990,6,3,e7,HG
HS2_0991,6,3,c7,HG
HS2_0992,6,3,a7,HG
HS2_0993,6,3,o9,HG
HS2_0994,6,3,m9,HG
HS2_0995,6,3,k9,HG
HS2_0996,6,3,i9,HG
HS2_0997,6,3,g9,HG
HS2_0998,6,3,e9,HG
HS2_0999,6,3,c9,HG
HS2_1000,6,3,a9,HG
HS2_1001,6,3,o11,HG
HS2_1002,6,3,m11,HG
HS2_1003,6,3,k11,HG
HS2_1004,6,3,i11,HG
HS2_1005,6,3,g11,HG
HS2_1006,6,3,e11,HG
HS2_1007,6,3,c11,HG
HS2_1008,6,3,a11,HG
HS2_1009,6,3,o13,HGL
HS2_1010,6,3,m13,HGL
HS2_1011,6,3,k13,HGL
HS2_1012,6,3,i13,HGL
HS2_1013,6,3,g13,HGL
HS2_1014,6,3,e13,HGL
HS2_1015,6,3,c13,HGL
HS2_1016,6,3,a13,HGL
HS2_1017,6,3,o15,HGL
HS2_1018,6,3,m15,HGL
HS2_1019,6,3,k15,HGL
HS2_1020,6,3,i15,HGL
HS2_1021,6,3,g15,HGL
HS2_1022,6,3,e15,HGL
HS2_1023,6,3,c15,HGL
HS2_1024,6,3,a15,HGL
HS2_1025,6,3,o17,HGL
HS2_1026,6,3,m17,HGL
HS2_1027,6,3,k17,HGL
HS2_1028,6,3,i17,HGL
HS2_1029,6,3,g17,HGL
HS2_1030,6,3,e17,HGL
HS2_1031,6,3,c17,HGL
HS2_1032,6,3,a17,HGL
HS2_1033,6,3,o19,HGL
HS2_1034,6,3,m19,HGL
HS2_1035,6,3,k19,HGL
HS2_1036,6,3,i19,HGL
HS2_1037,6,3,g19,HGL
HS2_1038,6,3,e19,HGL
HS2_1039,6,3,c19,HGL
HS2_1040,6,3,a19,HGL
HS2_1041,6,3,o21,HGL
HS2_1042,6,3,m21,HGL
HS2_1043,6,3,k21,HGL
HS2_1044,6,3,i21,HGL
HS2_1045,6,3,g21,HGL
HS2_1046,6,3,e21,HGL
HS2_1047,6,3,c21,HGL
HS2_1048,6,3,a21,HGL
HS2_1049,6,3,o23,HGL
HS2_1050,6,3,m23,HGL
HS2_1051,6,3,k23,HGL
HS2_1052,6,3,i23,HGL
HS2_1053,6,3,g23,HGL
HS2_1054,6,3,e23,HGL
HS2_1055,6,3,c23,HGL
HS2_1056,6,3,a23,HGL
HS2_1057,6,4,p1,HGC
HS2_1058,6,4,n1,HGC
HS2_1059,6,4,l1,HGC
HS2_1060,6,4,j1,HGC
HS2_1061,6,4,h1,HGC
HS2_1062,6,4,f1,HGC
HS2_1063,6,4,d1,HGC
HS2_1064,6,4,b1,HGC
HS2_1065,6,4,p3,HGC
HS2_1066,6,4,n3,HGC
HS2_1067,6,4,l3,HGC
HS2_1068,6,4,j3,HGC
HS2_1069,6,4,h3,HGC
HS2_1070,6,4,f3,HGC
HS2_1071,6,4,d3,HGC
HS2_1072,6,4,b3,HGC
HS2_1073,6,4,p5,HGC
HS2_1074,6,4,n5,HGC
HS2_1075,6,4,l5,HGC
HS2_1076,6,4,j5,HGC
HS2_1077,6,4,h5,HGC
HS2_1078,6,4,f5,HGC
HS2_1079,6,4,d5,HGC
HS2_1080,6,4,b5,HGC
HS2_1081,6,4,p7,HGC
HS2_1082,6,4,n7,HGC
HS2_1083,6,4,l7,HGC
HS2_1084,6,4,j7,HGC
HS2_1085,6,4,h7,HGC
HS2_1086,6,4,f7,HGC
HS2_1087,6,4,d7,HGC
HS2_1088,6,4,b7,HGC
HS2_1089,6,4,p9,HGC
HS2_1090,6,4,n9,HGC
HS2_1091,6,4,l9,HGC
HS2_1092,6,4,j9,HGC
HS2_1093,6,4,h9,HGC
HS2_1094,6,4,f9,HGC
HS2_1095,6,4,d9,HGC
HS2_1096,6,4,b9,HGC
HS2_1097,6,4,p11,HGC
HS2_1098,6,4,n11,HGC
HS2_1099,6,4,l11,HGC
HS2_1100,6,4,j11,HGC
HS2_1101,6,4,h11,HGC
HS2_1102,6,4,f11,HGC
HS2_1103,6,4,d11,HGC
HS2_1104,6,4,b11,HGC
HS2_1105,6,4,p13,HGLC
HS2_1106,6,4,n13,HGLC
HS2_1107,6,4,l13,HGLC
HS2_1108,6,4,j13,HGLC
HS2_1109,6,4,h13,HGLC
HS2_1110,6,4,f13,HGLC
HS2_1111,6,4,d13,HGLC
HS2_1112,6,4,b13,HGLC
HS2_1113,6,4,p15,HGLC
HS2_1114,6,4,n15,HGLC
HS2_1115,6,4,l15,HGLC
HS2_1116,6,4,j15,HGLC
HS2_1117,6,4,h15,HGLC
HS2_1118,6,4,f15,HGLC
HS2_1119,6,4,d15,HGLC
HS2_1120,6,4,b15,HGLC
HS2_1121,6,4,p17,HGLC
HS2_1122,6,4,n17,HGLC
HS2_1123,6,4,l17,HGLC
HS2_1124,6,4,j17,HGLC
HS2_1125,6,4,h17,HGLC
HS2_1126,6,4,f17,HGLC
HS2_1127,6,4,d17,HGLC
HS2_1128,6,4,b17,HGLC
HS2_1129,6,4,p19,HGLC
HS2_1130,6,4,n19,HGLC
HS2_1131,6,4,l19,HGLC
HS2_1132,6,4,j19,HGLC
HS2_1133,6,4,h19,HGLC
HS2_1134,6,4,f19,HGLC
HS2_1135,6,4,d19,HGLC
HS2_1136,6,4,b19,HGLC
HS2_1137,6,4,p21,HGLC
HS2_1138,6,4,n21,HGLC
HS2_1139,6,4,l21,HGLC
HS2_1140,6,4,j21,HGLC
HS2_1141,6,4,h21,HGLC
HS2_1142,6,4,f21,HGLC
HS2_1143,6,4,d21,HGLC
HS2_1144,6,4,b21,HGLC
HS2_1145,6,4,p23,HGLC
HS2_1146,6,4,n23,HGLC
HS2_1147,6,4,l23,HGLC
HS2_1148,6,4,j23,HGLC
HS2_1149,6,4,h23,HGLC
HS2_1150,6,4,f23,HGLC
HS2_1151,6,4,d23,HGLC
HS2_1152,6,4,b23,HGLC
HS2_1153,8,1,o2,G
HS2_1154,8,1,m2,G
HS2_1155,8,1,k2,G
HS2_1156,8,1,i2,G
HS2_1157,8,1,g2,G
HS2_1158,8,1,e2,G
HS2_1159,8,1,c2,G
HS2_1160,8,1,a2,G
HS2_1161,8,1,o4,G
HS2_1162,8,1,m4,G
HS2_1163,8,1,k4,G
HS2_1164,8,1,i4,G
HS2_1165,8,1,g4,G
HS2_1166,8,1,e4,G
HS2_1167,8,1,c4,G
HS2_1168,8,1,a4,G
HS2_1169,8,1,o6,G
HS2_1170,8,1,m6,G
HS2_1171,8,1,k6,G
HS2_1172,8,1,i6,G
HS2_1173,8,1,g6,G
HS2_1174,8,1,e6,G
HS2_1175,8,1,c6,G
HS2_1176,8,1,a6,G
HS2_1177,8,1,o8,G
HS2_1178,8,1,m8,G
HS2_1179,8,1,k8,G
HS2_1180,8,1,i8,G
HS2_1181,8,1,g8,G
HS2_1182,8,1,e8,G
HS2_1183,8,1,c8,G
HS2_1184,8,1,a8,G
HS2_1185,8,1,o10,G
HS2_1186,8,1,m10,G
HS2_1187,8,1,k10,G
HS2_1188,8,1,i10,G
HS2_1189,8,1,g10,G
HS2_1190,8,1,e10,G
HS2_1191,8,1,c10,G
HS2_1192,8,1,a10,G
HS2_1193,8,1,o12,G
HS2_1194,8,1,m12,G
HS2_1195,8,1,k12,G
HS2_1196,8,1,i12,G
HS2_1197,8,1,g12,G
HS2_1198,8,1,e12,G
HS2_1199,8,1,c12,G
HS2_1200,8,1,a12,G
HS2_1201,8,1,o14,GL
HS2_1202,8,1,m14,GL
HS2_1203,8,1,k14,GL
HS2_1204,8,1,i14,GL
HS2_1205,8,1,g14,GL
HS2_1206,8,1,e14,GL
HS2_1207,8,1,c14,GL
HS2_1208,8,1,a14,GL
HS2_1209,8,1,o16,GL
HS2_1210,8,1,m16,GL
HS2_1211,8,1,k16,GL
HS2_1212,8,1,i16,GL
HS2_1213,8,1,g16,GL
HS2_1214,8,1,e16,GL
HS2_1215,8,1,c16,GL
HS2_1216,8,1,a16,GL
HS2_1217,8,1,o18,GL
HS2_1218,8,1,m18,GL
HS2_1219,8,1,k18,GL
HS2_1220,8,1,i18,GL
HS2_1221,8,1,g18,GL
HS2_1222,8,1,e18,GL
HS2_1223,8,1,c18,GL
HS2_1224,8,1,a18,GL
HS2_1225,8,1,o20,GL
HS2_1226,8,1,m20,GL
HS2_1227,8,1,k20,GL
HS2_1228,8,1,i20,GL
HS2_1229,8,1,g20,GL
HS2_1230,8,1,e20,GL
HS2_1231,8,1,c20,GL
HS2_1232,8,1,a20,GL
HS2_1233,8,1,o22,GL
HS2_1234,8,1,m22,GL
HS2_1235,8,1,k22,GL
HS2_1236,8,1,i22,GL
HS2_1237,8,1,g22,GL
HS2_1238,8,1,e22,GL
HS2_1239,8,1,c22,GL
HS2_1240,8,1,a22,GL
HS2_1241,8,1,o24,GL
HS2_1242,8,1,m24,GL
HS2_1243,8,1,k24,GL
HS2_1244,8,1,i24,GL
HS2_1245,8,1,g24,GL
HS2_1246,8,1,e24,GL
HS2_1247,8,1,c24,GL
HS2_1248,8,1,a24,GL
HS2_1249,8,2,p2,GC
HS2_1250,8,2,n2,GC
HS2_1251,8,2,l2,GC
HS2_1252,8,2,j2,GC
HS2_1253,8,2,h2,GC
HS2_1254,8,2,f2,GC
HS2_1255,8,2,d2,GC
HS2_1256,8,2,b2,GC
HS2_1257,8,2,p4,GC
HS2_1258,8,2,n4,GC
HS2_1259,8,2,l4,GC
HS2_1260,8,2,j4,GC
HS2_1261,8,2,h4,GC
HS2_1262,8,2,f4,GC
HS2_1263,8,2,d4,GC
HS2_1264,8,2,b4,GC
HS2_1265,8,2,p6,GC
HS2_1266,8,2,n6,GC
HS2_1267,8,2,l6,GC
HS2_1268,8,2,j6,GC
HS2_1269,8,2,h6,GC
HS2_1270,8,2,f6,GC
HS2_1271,8,2,d6,GC
HS2_1272,8,2,b6,GC
HS2_1273,8,2,p8,GC
HS2_1274,8,2,n8,GC
HS2_1275,8,2,l8,GC
HS2_1276,8,2,j8,GC
HS2_1277,8,2,h8,GC
HS2_1278,8,2,f8,GC
HS2_1279,8,2,d8,GC
HS2_1280,8,2,b8,GC
HS2_1281,8,2,p10,GC
HS2_1282,8,2,n10,GC
HS2_1283,8,2,l10,GC
HS2_1284,8,2,j10,GC
HS2_1285,8,2,h10,GC
HS2_1286,8,2,f10,GC
HS2_1287,8,2,d10,GC
HS2_1288,8,2,b10,GC
HS2_1289,8,2,p12,GC
HS2_1290,8,2,n12,GC
HS2_1291,8,2,l12,GC
HS2_1292,8,2,j12,GC
HS2_1293,8,2,h12,GC
HS2_1294,8,2,f12,GC
HS2_1295,8,2,d12,GC
HS2_1296,8,2,b12,GC
HS2_1297,8,2,p14,GLC
HS2_1298,8,2,n14,GLC
HS2_1299,8,2,l14,GLC
HS2_1300,8,2,j14,GLC
HS2_1301,8,2,h14,GLC
HS2_1302,8,2,f14,GLC
HS2_1303,8,2,d14,GLC
HS2_1304,8,2,b14,GLC
HS2_1305,8,2,p16,GLC
HS2_1306,8,2,n16,GLC
HS2_1307,8,2,l16,GLC
HS2_1308,8,2,j16,GLC
HS2_1309,8,2,h16,GLC
HS2_1310,8,2,f16,GLC
HS2_1311,8,2,d16,GLC
HS2_1312,8,2,b16,GLC
HS2_1313,8,2,p18,GLC
HS2_1314,8,2,n18,GLC
HS2_1315,8,2,l18,GLC
HS2_1316,8,2,j18,GLC
HS2_1317,8,2,h18,GLC
HS2_1318,8,2,f18,GLC
HS2_1319,8,2,d18,GLC
HS2_1320,8,2,b18,GLC
HS2_1321,8,2,p20,GLC
HS2_1322,8,2,n20,GLC
HS2_1323,8,2,l20,GLC
HS2_1324,8,2,j20,GLC
HS2_1325,8,2,h20,GLC
HS2_1326,8,2,f20,GLC
HS2_1327,8,2,d20,GLC
HS2_1328,8,2,b20,GLC
HS2_1329,8,2,p22,GLC
HS2_1330,8,2,n22,GLC
HS2_1331,8,2,l22,GLC
HS2_1332,8,2,j22,GLC
HS2_1333,8,2,h22,GLC
HS2_1334,8,2,f22,GLC
HS2_1335,8,2,d22,GLC
HS2_1336,8,2,b22,GLC
HS2_1337,8,2,p24,GLC
HS2_1338,8,2,n24,GLC
HS2_1339,8,2,l24,GLC
HS2_1340,8,2,j24,GLC
HS2_1341,8,2,h24,GLC
HS2_1342,8,2,f24,GLC
HS2_1343,8,2,d24,GLC
HS2_1344,8,2,b24,GLC
HS2_1345,8,3,o1,HG
HS2_1346,8,3,m1,HG
HS2_1347,8,3,k1,HG
HS2_1348,8,3,i1,HG
HS2_1349,8,3,g1,HG
HS2_1350,8,3,e1,HG
HS2_1351,8,3,c1,HG
HS2_1352,8,3,a1,HG
HS2_1353,8,3,o3,HG
HS2_1354,8,3,m3,HG
HS2_1355,8,3,k3,HG
HS2_1356,8,3,i3,HG
HS2_1357,8,3,g3,HG
HS2_1358,8,3,e3,HG
HS2_1359,8,3,c3,HG
HS2_1360,8,3,a3,HG
HS2_1361,8,3,o5,HG
HS2_1362,8,3,m5,HG
HS2_1363,8,3,k5,HG
HS2_1364,8,3,i5,HG
HS2_1365,8,3,g5,HG
HS2_1366,8,3,e5,HG
HS2_1367,8,3,c5,HG
HS2_1368,8,3,a5,HG
HS2_1369,8,3,o7,HG
HS2_1370,8,3,m7,HG
HS2_1371,8,3,k7,HG
HS2_1372,8,3,i7,HG
HS2_1373,8,3,g7,HG
HS2_1374,8,3,e7,HG
HS2_1375,8,3,c7,HG
HS2_1376,8,3,a7,HG
HS2_1377,8,3,o9,HG
HS2_1378,8,3,m9,HG
HS2_1379,8,3,k9,HG
HS2_1380,8,3,i9,HG
HS2_1381,8,3,g9,HG
HS2_1382,8,3,e9,HG
HS2_1383,8,3,c9,HG
HS2_1384,8,3,a9,HG
HS2_1385,8,3,o11,HG
HS2_1386,8,3,m11,HG
HS2_1387,8,3,k11,HG
HS2_1388,8,3,i11,HG
HS2_1389,8,3,g11,HG
HS2_1390,8,3,e11,HG
HS2_1391,8,3,c11,HG
HS2_1392,8,3,a11,HG
HS2_1393,8,3,o13,HGL
HS2_1394,8,3,m13,HGL
HS2_1395,8,3,k13,HGL
HS2_1396,8,3,i13,HGL
HS2_1397,8,3,g13,HGL
HS2_1398,8,3,e13,HGL
HS2_1399,8,3,c13,HGL
HS2_1400,8,3,a13,HGL
HS2_1401,8,3,o15,HGL
HS2_1402,8,3,m15,HGL
HS2_1403,8,3,k15,HGL
HS2_1404,8,3,i15,HGL
HS2_1405,8,3,g15,HGL
HS2_1406,8,3,e15,HGL
HS2_1407,8,3,c15,HGL
HS2_1408,8,3,a15,HGL
HS2_1409,8,3,o17,HGL
HS2_1410,8,3,m17,HGL
HS2_1411,8,3,k17,HGL
HS2_1412,8,3,i17,HGL
HS2_1413,8,3,g17,HGL
HS2_1414,8,3,e17,HGL
HS2_1415,8,3,c17,HGL
HS2_1416,8,3,a17,HGL
HS2_1417,8,3,o19,HGL
HS2_1418,8,3,m19,HGL
HS2_1419,8,3,k19,HGL
HS2_1420,8,3,i19,HGL
HS2_1421,8,3,g19,HGL
HS2_1422,8,3,e19,HGL
HS2_1423,8,3,c19,HGL
HS2_1424,8,3,a19,HGL
HS2_1425,8,3,o21,HGL
HS2_1426,8,3,m21,HGL
HS2_1427,8,3,k21,HGL
HS2_1428,8,3,i21,HGL
HS2_1429,8,3,g21,HGL
HS2_1430,8,3,e21,HGL
HS2_1431,8,3,c21,HGL
HS2_1432,8,3,a21,HGL
HS2_1433,8,3,o23,HGL
HS2_1434,8,3,m23,HGL
HS2_1435,8,3,k23,HGL
HS2_1436,8,3,i23,HGL
HS2_1437,8,3,g23,HGL
HS2_1438,8,3,e23,HGL
HS2_1439,8,3,c23,HGL
HS2_1440,8,3,a23,HGL
HS2_1441,8,4,p1,HGC
HS2_1442,8,4,n1,HGC
HS2_1443,8,4,l1,HGC
HS2_1444,8,4,j1,HGC
HS2_1445,8,4,h1,HGC
HS2_1446,8,4,f1,HGC
HS2_1447,8,4,d1,HGC
HS2_1448,8,4,b1,HGC
HS2_1449,8,4,p3,HGC
HS2_1450,8,4,n3,HGC
HS2_1451,8,4,l3,HGC
HS2_1452,8,4,j3,HGC
HS2_1453,8,4,h3,HGC
HS2_1454,8,4,f3,HGC
HS2_1455,8,4,d3,HGC
HS2_1456,8,4,b3,HGC
HS2_1457,8,4,p5,HGC
HS2_1458,8,4,n5,HGC
HS2_1459,8,4,l5,HGC
HS2_1460,8,4,j5,HGC
HS2_1461,8,4,h5,HGC
HS2_1462,8,4,f5,HGC
HS2_1463,8,4,d5,HGC
HS2_1464,8,4,b5,HGC
HS2_1465,8,4,p7,HGC
HS2_1466,8,4,n7,HGC
HS2_1467,8,4,l7,HGC
HS2_1468,8,4,j7,HGC
HS2_1469,8,4,h7,HGC
HS2_1470,8,4,f7,HGC
HS2_1471,8,4,d7,HGC
HS2_1472,8,4,b7,HGC
HS2_1473,8,4,p9,HGC
HS2_1474,8,4,n9,HGC
HS2_1475,8,4,l9,HGC
HS2_1476,8,4,j9,HGC
HS2_1477,8,4,h9,HGC
HS2_1478,8,4,f9,HGC
HS2_1479,8,4,d9,HGC
HS2_1480,8,4,b9,HGC
HS2_1481,8,4,p11,HGC
HS2_1482,8,4,n11,HGC
HS2_1483,8,4,l11,HGC
HS2_1484,8,4,j11,HGC
HS2_1485,8,4,h11,HGC
HS2_1486,8,4,f11,HGC
HS2_1487,8,4,d11,HGC
HS2_1488,8,4,b11,HGC
HS2_1489,8,4,p13,HGLC
HS2_1490,8,4,n13,HGLC
HS2_1491,8,4,l13,HGLC
HS2_1492,8,4,j13,HGLC
HS2_1493,8,4,h13,HGLC
HS2_1494,8,4,f13,HGLC
HS2_1495,8,4,d13,HGLC
HS2_1496,8,4,b13,HGLC
HS2_1497,8,4,p15,HGLC
HS2_1498,8,4,n15,HGLC
HS2_1499,8,4,l15,HGLC
HS2_1500,8,4,j15,HGLC
HS2_1501,8,4,h15,HGLC
HS2_1502,8,4,f15,HGLC
HS2_1503,8,4,d15,HGLC
HS2_1504,8,4,b15,HGLC
HS2_1505,8,4,p17,HGLC
HS2_1506,8,4,n17,HGLC
HS2_1507,8,4,l17,HGLC
HS2_1508,8,4,j17,HGLC
HS2_1509,8,4,h17,HGLC
HS2_1510,8,4,f17,HGLC
HS2_1511,8,4,d17,HGLC
HS2_1512,8,4,b17,HGLC
HS2_1513,8,4,p19,HGLC
HS2_1514,8,4,n19,HGLC
HS2_1515,8,4,l19,HGLC
HS2_1516,8,4,j19,HGLC
HS2_1517,8,4,h19,HGLC
HS2_1518,8,4,f19,HGLC
HS2_1519,8,4,d19,HGLC
HS2_1520,8,4,b19,HGLC
HS2_1521,8,4,p21,HGLC
HS2_1522,8,4,n21,HGLC
HS2_1523,8,4,l21,HGLC
HS2_1524,8,4,j21,HGLC
HS2_1525,8,4,h21,HGLC
HS2_1526,8,4,f21,HGLC
HS2_1527,8,4,d21,HGLC
HS2_1528,8,4,b21,HGLC
HS2_1529,8,4,p23,HGLC
HS2_1530,8,4,n23,HGLC
HS2_1531,8,4,l23,HGLC
HS2_1532,8,4,j23,HGLC
HS2_1533,8,4,h23,HGLC
HS2_1534,8,4,f23,HGLC
HS2_1535,8,4,d23,HGLC
HS2_1536,8,4,b23,HGLC
HS2_1537,10,1,o2,G
HS2_1538,10,1,m2,G
HS2_1539,10,1,k2,G
HS2_1540,10,1,i2,G
HS2_1541,10,1,g2,G
HS2_1542,10,1,e2,G
HS2_1543,10,1,c2,G
HS2_1544,10,1,a2,G
HS2_1545,10,1,o4,G
HS2_1546,10,1,m4,G
HS2_1547,10,1,k4,G
HS2_1548,10,1,i4,G
HS2_1549,10,1,g4,G
HS2_1550,10,1,e4,G
HS2_1551,10,1,c4,G
HS2_1552,10,1,a4,G
HS2_1553,10,1,o6,G
HS2_1554,10,1,m6,G
HS2_1555,10,1,k6,G
HS2_1556,10,1,i6,G
HS2_1557,10,1,g6,G
HS2_1558,10,1,e6,G
HS2_1559,10,1,c6,G
HS2_1560,10,1,a6,G
HS2_1561,10,1,o8,G
HS2_1562,10,1,m8,G
HS2_1563,10,1,k8,G
HS2_1564,10,1,i8,G
HS2_1565,10,1,g8,G
HS2_1566,10,1,e8,G
HS2_1567,10,1,c8,G
HS2_1568,10,1,a8,G
HS2_1569,10,1,o10,G
HS2_1570,10,1,m10,G
HS2_1571,10,1,k10,G
HS2_1572,10,1,i10,G
HS2_1573,10,1,g10,G
HS2_1574,10,1,e10,G
HS2_1575,10,1,c10,G
HS2_1576,10,1,a10,G
HS2_1577,10,1,o12,G
HS2_1578,10,1,m12,G
HS2_1579,10,1,k12,G
HS2_1580,10,1,i12,G
HS2_1581,10,1,g12,G
HS2_1582,10,1,e12,G
HS2_1583,10,1,c12,G
HS2_1584,10,1,a12,G
HS2_1585,10,1,o14,GL
HS2_1586,10,1,m14,GL
HS2_1587,10,1,k14,GL
HS2_1588,10,1,i14,GL
HS2_1589,10,1,g14,GL
HS2_1590,10,1,e14,GL
HS2_1591,10,1,c14,GL
HS2_1592,10,1,a14,GL
HS2_1593,10,1,o16,GL
HS2_1594,10,1,m16,GL
HS2_1595,10,1,k16,GL
HS2_1596,10,1,i16,GL
HS2_1597,10,1,g16,GL
HS2_1598,10,1,e16,GL
HS2_1599,10,1,c16,GL
HS2_1600,10,1,a16,GL
HS2_1601,10,1,o18,GL
HS2_1602,10,1,m18,GL
HS2_1603,10,1,k18,GL
HS2_1604,10,1,i18,GL
HS2_1605,10,1,g18,GL
HS2_1606,10,1,e18,GL
HS2_1607,10,1,c18,GL
HS2_1608,10,1,a18,GL
HS2_1609,10,1,o20,GL
HS2_1610,10,1,m20,GL
HS2_1611,10,1,k20,GL
HS2_1612,10,1,i20,GL
HS2_1613,10,1,g20,GL
HS2_1614,10,1,e20,GL
HS2_1615,10,1,c20,GL
HS2_1616,10,1,a20,GL
HS2_1617,10,1,o22,GL
HS2_1618,10,1,m22,GL
HS2_1619,10,1,k22,GL
HS2_1620,10,1,i22,GL
HS2_1621,10,1,g22,GL
HS2_1622,10,1,e22,GL
HS2_1623,10,1,c22,GL
HS2_1624,10,1,a22,GL
HS2_1625,10,1,o24,GL
HS2_1626,10,1,m24,GL
HS2_1627,10,1,k24,GL
HS2_1628,10,1,i24,GL
HS2_1629,10,1,g24,GL
HS2_1630,10,1,e24,GL
HS2_1631,10,1,c24,GL
HS2_1632,10,1,a24,GL
HS2_1633,10,2,p2,GC
HS2_1634,10,2,n2,GC
HS2_1635,10,2,l2,GC
HS2_1636,10,2,j2,GC
HS2_1637,10,2,h2,GC
HS2_1638,10,2,f2,GC
HS2_1639,10,2,d2,GC
HS2_1640,10,2,b2,GC
HS2_1641,10,2,p4,GC
HS2_1642,10,2,n4,GC
HS2_1643,10,2,l4,GC
HS2_1644,10,2,j4,GC
HS2_1645,10,2,h4,GC
HS2_1646,10,2,f4,GC
HS2_1647,10,2,d4,GC
HS2_1648,10,2,b4,GC
HS2_1649,10,2,p6,GC
HS2_1650,10,2,n6,GC
HS2_1651,10,2,l6,GC
HS2_1652,10,2,j6,GC
HS2_1653,10,2,h6,GC
HS2_1654,10,2,f6,GC
HS2_1655,10,2,d6,GC
HS2_1656,10,2,b6,GC
HS2_1657,10,2,p8,GC
HS2_1658,10,2,n8,GC
HS2_1659,10,2,l8,GC
HS2_1660,10,2,j8,GC
HS2_1661,10,2,h8,GC
HS2_1662,10,2,f8,GC
HS2_1663,10,2,d8,GC
HS2_1664,10,2,b8,GC
HS2_1665,10,2,p10,GC
HS2_1666,10,2,n10,GC
HS2_1667,10,2,l10,GC
HS2_1668,10,2,j10,GC
HS2_1669,10,2,h10,GC
HS2_1670,10,2,f10,GC
HS2_1671,10,2,d10,GC
HS2_1672,10,2,b10,GC
HS2_1673,10,2,p12,GC
HS2_1674,10,2,n12,GC
HS2_1675,10,2,l12,GC
HS2_1676,10,2,j12,GC
HS2_1677,10,2,h12,GC
HS2_1678,10,2,f12,GC
HS2_1679,10,2,d12,GC
HS2_1680,10,2,b12,GC
HS2_1681,10,2,p14,GLC
HS2_1682,10,2,n14,GLC
HS2_1683,10,2,l14,GLC
HS2_1684,10,2,j14,GLC
HS2_1685,10,2,h14,GLC
HS2_1686,10,2,f14,GLC
HS2_1687,10,2,d14,GLC
HS2_1688,10,2,b14,GLC
HS2_1689,10,2,p16,GLC
HS2_1690,10,2,n16,GLC
HS2_1691,10,2,l16,GLC
HS2_1692,10,2,j16,GLC
HS2_1693,10,2,h16,GLC
HS2_1694,10,2,f16,GLC
HS2_1695,10,2,d16,GLC
HS2_1696,10,2,b16,GLC
HS2_1697,10,2,p18,GLC
HS2_1698,10,2,n18,GLC
HS2_1699,10,2,l18,GLC
HS2_1700,10,2,j18,GLC
HS2_1701,10,2,h18,GLC
HS2_1702,10,2,f18,GLC
HS2_1703,10,2,d18,GLC
HS2_1704,10,2,b18,GLC
HS2_1705,10,2,p20,GLC
HS2_1706,10,2,n20,GLC
HS2_1707,10,2,l20,GLC
HS2_1708,10,2,j20,GLC
HS2_1709,10,2,h20,GLC
HS2_1710,10,2,f20,GLC
HS2_1711,10,2,d20,GLC
HS2_1712,10,2,b20,GLC
HS2_1713,10,2,p22,GLC
HS2_1714,10,2,n22,GLC
HS2_1715,10,2,l22,GLC
HS2_1716,10,2,j22,GLC
HS2_1717,10,2,h22,GLC
HS2_1718,10,2,f22,GLC
HS2_1719,10,2,d22,GLC
HS2_1720,10,2,b22,GLC
HS2_1721,10,2,p24,GLC
HS2_1722,10,2,n24,GLC
HS2_1723,10,2,l24,GLC
HS2_1724,10,2,j24,GLC
HS2_1725,10,2,h24,GLC
HS2_1726,10,2,f24,GLC
HS2_1727,10,2,d24,GLC
HS2_1728,10,2,b24,GLC
HS2_1729,10,3,o1,HG
HS2_1730,10,3,m1,HG
HS2_1731,10,3,k1,HG
HS2_1732,10,3,i1,HG
HS2_1733,10,3,g1,HG
HS2_1734,10,3,e1,HG
HS2_1735,10,3,c1,HG
HS2_1736,10,3,a1,HG
HS2_1737,10,3,o3,HG
HS2_1738,10,3,m3,HG
HS2_1739,10,3,k3,HG
HS2_1740,10,3,i3,HG
HS2_1741,10,3,g3,HG
HS2_1742,10,3,e3,HG
HS2_1743,10,3,c3,HG
HS2_1744,10,3,a3,HG
HS2_1745,10,3,o5,HG
HS2_1746,10,3,m5,HG
HS2_1747,10,3,k5,HG
HS2_1748,10,3,i5,HG
HS2_1749,10,3,g5,HG
HS2_1750,10,3,e5,HG
HS2_1751,10,3,c5,HG
HS2_1752,10,3,a5,HG
HS2_1753,10,3,o7,HG
HS2_1754,10,3,m7,HG
HS2_1755,10,3,k7,HG
HS2_1756,10,3,i7,HG
HS2_1757,10,3,g7,HG
HS2_1758,10,3,e7,HG
HS2_1759,10,3,c7,HG
HS2_1760,10,3,a7,HG
HS2_1761,10,3,o9,HG
HS2_1762,10,3,m9,HG
HS2_1763,10,3,k9,HG
HS2_1764,10,3,i9,HG
HS2_1765,10,3,g9,HG
HS2_1766,10,3,e9,HG
HS2_1767,10,3,c9,HG
HS2_1768,10,3,a9,HG
HS2_1769,10,3,o11,HG
HS2_1770,10,3,m11,HG
HS2_1771,10,3,k11,HG
HS2_1772,10,3,i11,HG
HS2_1773,10,3,g11,HG
HS2_1774,10,3,e11,HG
HS2_1775,10,3,c11,HG
HS2_1776,10,3,a11,HG
HS2_1777,10,3,o13,HGL
HS2_1778,10,3,m13,HGL
HS2_1779,10,3,k13,HGL
HS2_1780,10,3,i13,HGL
HS2_1781,10,3,g13,HGL
HS2_1782,10,3,e13,HGL
HS2_1783,10,3,c13,HGL
HS2_1784,10,3,a13,HGL
HS2_1785,10,3,o15,HGL
HS2_1786,10,3,m15,HGL
HS2_1787,10,3,k15,HGL
HS2_1788,10,3,i15,HGL
HS2_1789,10,3,g15,HGL
HS2_1790,10,3,e15,HGL
HS2_1791,10,3,c15,HGL
HS2_1792,10,3,a15,HGL
HS2_1793,10,3,o17,HGL
HS2_1794,10,3,m17,HGL
HS2_1795,10,3,k17,HGL
HS2_1796,10,3,i17,HGL
HS2_1797,10,3,g17,HGL
HS2_1798,10,3,e17,HGL
HS2_1799,10,3,c17,HGL
HS2_1800,10,3,a17,HGL
HS2_1801,10,3,o19,HGL
HS2_1802,10,3,m19,HGL
HS2_1803,10,3,k19,HGL
HS2_1804,10,3,i19,HGL
HS2_1805,10,3,g19,HGL
HS2_1806,10,3,e19,HGL
HS2_1807,10,3,c19,HGL
HS2_1808,10,3,a19,HGL
HS2_1809,10,3,o21,HGL
HS2_1810,10,3,m21,HGL
HS2_1811,10,3,k21,HGL
HS2_1812,10,3,i21,HGL
HS2_1813,10,3,g21,HGL
HS2_1814,10,3,e21,HGL
HS2_1815,10,3,c21,HGL
HS2_1816,10,3,a21,HGL
HS2_1817,10,3,o23,HGL
HS2_1818,10,3,m23,HGL
HS2_1819,10,3,k23,HGL
HS2_1820,10,3,i23,HGL
HS2_1821,10,3,g23,HGL
HS2_1822,10,3,e23,HGL
HS2_1823,10,3,c23,HGL
HS2_1824,10,3,a23,HGL
HS2_1825,10,4,p1,HGC
HS2_1826,10,4,n1,HGC
HS2_1827,10,4,l1,HGC
HS2_1828,10,4,j1,HGC
HS2_1829,10,4,h1,HGC
HS2_1830,10,4,f1,HGC
HS2_1831,10,4,d1,HGC
HS2_1832,10,4,b1,HGC
HS2_1833,10,4,p3,HGC
HS2_1834,10,4,n3,HGC
HS2_1835,10,4,l3,HGC
HS2_1836,10,4,j3,HGC
HS2_1837,10,4,h3,HGC
HS2_1838,10,4,f3,HGC
HS2_1839,10,4,d3,HGC
HS2_1840,10,4,b3,HGC
HS2_1841,10,4,p5,HGC
HS2_1842,10,4,n5,HGC
HS2_1843,10,4,l5,HGC
HS2_1844,10,4,j5,HGC
HS2_1845,10,4,h5,HGC
HS2_1846,10,4,f5,HGC
HS2_1847,10,4,d5,HGC
HS2_1848,10,4,b5,HGC
HS2_1849,10,4,p7,HGC
HS2_1850,10,4,n7,HGC
HS2_1851,10,4,l7,HGC
HS2_1852,10,4,j7,HGC
HS2_1853,10,4,h7,HGC
HS2_1854,10,4,f7,HGC
HS2_1855,10,4,d7,HGC
HS2_1856,10,4,b7,HGC
HS2_1857,10,4,p9,HGC
HS2_1858,10,4,n9,HGC
HS2_1859,10,4,l9,HGC
HS2_1860,10,4,j9,HGC
HS2_1861,10,4,h9,HGC
HS2_1862,10,4,f9,HGC
HS2_1863,10,4,d9,HGC
HS2_1864,10,4,b9,HGC
HS2_1865,10,4,p11,HGC
HS2_1866,10,4,n11,HGC
HS2_1867,10,4,l11,HGC
HS2_1868,10,4,j11,HGC
HS2_1869,10,4,h11,HGC
HS2_1870,10,4,f11,HGC
HS2_1871,10,4,d11,HGC
HS2_1872,10,4,b11,HGC
HS2_1873,10,4,p13,HGLC
HS2_1874,10,4,n13,HGLC
HS2_1875,10,4,l13,HGLC
HS2_1876,10,4,j13,HGLC
HS2_1877,10,4,h13,HGLC
HS2_1878,10,4,f13,HGLC
HS2_1879,10,4,d13,HGLC
HS2_1880,10,4,b13,HGLC
HS2_1881,10,4,p15,HGLC
HS2_1882,10,4,n15,HGLC
HS2_1883,10,4,l15,HGLC
HS2_1884,10,4,j15,HGLC
HS2_1885,10,4,h15,HGLC
HS2_1886,10,4,f15,HGLC
HS2_1887,10,4,d15,HGLC
HS2_1888,10,4,b15,HGLC
HS2_1889,10,4,p17,HGLC
HS2_1890,10,4,n17,HGLC
HS2_1891,10,4,l17,HGLC
HS2_1892,10,4,j17,HGLC
HS2_1893,10,4,h17,HGLC
HS2_1894,10,4,f17,HGLC
HS2_1895,10,4,d17,HGLC
HS2_1896,10,4,b17,HGLC
HS2_1897,10,4,p19,HGLC
HS2_1898,10,4,n19,HGLC
HS2_1899,10,4,l19,HGLC
HS2_1900,10,4,j19,HGLC
HS2_1901,10,4,h19,HGLC
HS2_1902,10,4,f19,HGLC
HS2_1903,10,4,d19,HGLC
HS2_1904,10,4,b19,HGLC
HS2_1905,10,4,p21,HGLC
HS2_1906,10,4,n21,HGLC
HS2_1907,10,4,l21,HGLC
HS2_1908,10,4,j21,HGLC
HS2_1909,10,4,h21,HGLC
HS2_1910,10,4,f21,HGLC
HS2_1911,10,4,d21,HGLC
HS2_1912,10,4,b21,HGLC
HS2_1913,10,4,p23,HGLC
HS2_1914,10,4,n23,HGLC
HS2_1915,10,4,l23,HGLC
HS2_1916,10,4,j23,HGLC
HS2_1917,10,4,h23,HGLC
HS2_1918,10,4,f23,HGLC
HS2_1919,10,4,d23,HGLC
HS2_1920,10,4,b23,HGLC
HS2_1921,12,1,o2,G
HS2_1922,12,1,m2,G
HS2_1923,12,1,k2,G
HS2_1924,12,1,i2,G
HS2_1925,12,1,g2,G
HS2_1926,12,1,e2,G
HS2_1927,12,1,c2,G
HS2_1928,12,1,a2,G
HS2_1929,12,1,o4,G
HS2_1930,12,1,m4,G
HS2_1931,12,1,k4,G
HS2_1932,12,1,i4,G
HS2_1933,12,1,g4,G
HS2_1934,12,1,e4,G
HS2_1935,12,1,c4,G
HS2_1936,12,1,a4,G
HS2_1937,12,1,o6,G
HS2_1938,12,1,m6,G
HS2_1939,12,1,k6,G
HS2_1940,12,1,i6,G
HS2_1941,12,1,g6,G
HS2_1942,12,1,e6,G
HS2_1943,12,1,c6,G
HS2_1944,12,1,a6,G
HS2_1945,12,1,o8,G
HS2_1946,12,1,m8,G
HS2_1947,12,1,k8,G
HS2_1948,12,1,i8,G
HS2_1949,12,1,g8,G
HS2_1950,12,1,e8,G
HS2_1951,12,1,c8,G
HS2_1952,12,1,a8,G
HS2_1953,12,1,o10,G
HS2_1954,12,1,m10,G
HS2_1955,12,1,k10,G
HS2_1956,12,1,i10,G
HS2_1957,12,1,g10,G
HS2_1958,12,1,e10,G
HS2_1959,12,1,c10,G
HS2_1960,12,1,a10,G
HS2_1961,12,1,o12,G
HS2_1962,12,1,m12,G
HS2_1963,12,1,k12,G
HS2_1964,12,1,i12,G
HS2_1965,12,1,g12,G
HS2_1966,12,1,e12,G
HS2_1967,12,1,c12,G
HS2_1968,12,1,a12,G
HS2_1969,12,1,o14,GL
HS2_1970,12,1,m14,GL
HS2_1971,12,1,k14,GL
HS2_1972,12,1,i14,GL
HS2_1973,12,1,g14,GL
HS2_1974,12,1,e14,GL
HS2_1975,12,1,c14,GL
HS2_1976,12,1,a14,GL
HS2_1977,12,1,o16,GL
HS2_1978,12,1,m16,GL
HS2_1979,12,1,k16,GL
HS2_1980,12,1,i16,GL
HS2_1981,12,1,g16,GL
HS2_1982,12,1,e16,GL
HS2_1983,12,1,c16,GL
HS2_1984,12,1,a16,GL
HS2_1985,12,1,o18,GL
HS2_1986,12,1,m18,GL
HS2_1987,12,1,k18,GL
HS2_1988,12,1,i18,GL
HS2_1989,12,1,g18,GL
HS2_1990,12,1,e18,GL
HS2_1991,12,1,c18,GL
HS2_1992,12,1,a18,GL
HS2_1993,12,1,o20,GL
HS2_1994,12,1,m20,GL
HS2_1995,12,1,k20,GL
HS2_1996,12,1,i20,GL
HS2_1997,12,1,g20,GL
HS2_1998,12,1,e20,GL
HS2_1999,12,1,c20,GL
HS2_2000,12,1,a20,GL
HS2_2001,12,1,o22,GL
HS2_2002,12,1,m22,GL
HS2_2003,12,1,k22,GL
HS2_2004,12,1,i22,GL
HS2_2005,12,1,g22,GL
HS2_2006,12,1,e22,GL
HS2_2007,12,1,c22,GL
HS2_2008,12,1,a22,GL
HS2_2009,12,1,o24,GL
HS2_2010,12,1,m24,GL
HS2_2011,12,1,k24,GL
HS2_2012,12,1,i24,GL
HS2_2013,12,1,g24,GL
HS2_2014,12,1,e24,GL
HS2_2015,12,1,c24,GL
HS2_2016,12,1,a24,GL
HS2_2017,12,2,p2,GC
HS2_2018,12,2,n2,GC
HS2_2019,12,2,l2,GC
HS2_2020,12,2,j2,GC
HS2_2021,12,2,h2,GC
HS2_2022,12,2,f2,GC
HS2_2023,12,2,d2,GC
HS2_2024,12,2,b2,GC
HS2_2025,12,2,p4,GC
HS2_2026,12,2,n4,GC
HS2_2027,12,2,l4,GC
HS2_2028,12,2,j4,GC
HS2_2029,12,2,h4,GC
HS2_2030,12,2,f4,GC
HS2_2031,12,2,d4,GC
HS2_2032,12,2,b4,GC
HS2_2033,12,2,p6,GC
HS2_2034,12,2,n6,GC
HS2_2035,12,2,l6,GC
HS2_2036,12,2,j6,GC
HS2_2037,12,2,h6,GC
HS2_2038,12,2,f6,GC
HS2_2039,12,2,d6,GC
HS2_2040,12,2,b6,GC
HS2_2041,12,2,p8,GC
HS2_2042,12,2,n8,GC
HS2_2043,12,2,l8,GC
HS2_2044,12,2,j8,GC
HS2_2045,12,2,h8,GC
HS2_2046,12,2,f8,GC
HS2_2047,12,2,d8,GC
HS2_2048,12,2,b8,GC
HS2_2049,12,2,p10,GC
HS2_2050,12,2,n10,GC
HS2_2051,12,2,l10,GC
HS2_2052,12,2,j10,GC
HS2_2053,12,2,h10,GC
HS2_2054,12,2,f10,GC
HS2_2055,12,2,d10,GC
HS2_2056,12,2,b10,GC
HS2_2057,12,2,p12,GC
HS2_2058,12,2,n12,GC
HS2_2059,12,2,l12,GC
HS2_2060,12,2,j12,GC
HS2_2061,12,2,h12,GC
HS2_2062,12,2,f12,GC
HS2_2063,12,2,d12,GC
HS2_2064,12,2,b12,GC
HS2_2065,12,2,p14,GLC
HS2_2066,12,2,n14,GLC
HS2_2067,12,2,l14,GLC
HS2_2068,12,2,j14,GLC
HS2_2069,12,2,h14,GLC
HS2_2070,12,2,f14,GLC
HS2_2071,12,2,d14,GLC
HS2_2072,12,2,b14,GLC
HS2_2073,12,2,p16,GLC
HS2_2074,12,2,n16,GLC
HS2_2075,12,2,l16,GLC
HS2_2076,12,2,j16,GLC
HS2_2077,12,2,h16,GLC
HS2_2078,12,2,f16,GLC
HS2_2079,12,2,d16,GLC
HS2_2080,12,2,b16,GLC
HS2_2081,12,2,p18,GLC
HS2_2082,12,2,n18,GLC
HS2_2083,12,2,l18,GLC
HS2_2084,12,2,j18,GLC
HS2_2085,12,2,h18,GLC
HS2_2086,12,2,f18,GLC
HS2_2087,12,2,d18,GLC
HS2_2088,12,2,b18,GLC
HS2_2089,12,2,p20,GLC
HS2_2090,12,2,n20,GLC
HS2_2091,12,2,l20,GLC
HS2_2092,12,2,j20,GLC
HS2_2093,12,2,h20,GLC
HS2_2094,12,2,f20,GLC
HS2_2095,12,2,d20,GLC
HS2_2096,12,2,b20,GLC
HS2_2097,12,2,p22,GLC
HS2_2098,12,2,n22,GLC
HS2_2099,12,2,l22,GLC
HS2_2100,12,2,j22,GLC
HS2_2101,12,2,h22,GLC
HS2_2102,12,2,f22,GLC
HS2_2103,12,2,d22,GLC
HS2_2104,12,2,b22,GLC
HS2_2105,12,2,p24,GLC
HS2_2106,12,2,n24,GLC
HS2_2107,12,2,l24,GLC
HS2_2108,12,2,j24,GLC
HS2_2109,12,2,h24,GLC
HS2_2110,12,2,f24,GLC
HS2_2111,12,2,d24,GLC
HS2_2112,12,2,b24,GLC
HS2_2113,12,3,o1,HG
HS2_2114,12,3,m1,HG
HS2_2115,12,3,k1,HG
HS2_2116,12,3,i1,HG
HS2_2117,12,3,g1,HG
HS2_2118,12,3,e1,HG
HS2_2119,12,3,c1,HG
HS2_2120,12,3,a1,HG
HS2_2121,12,3,o3,HG
HS2_2122,12,3,m3,HG
HS2_2123,12,3,k3,HG
HS2_2124,12,3,i3,HG
HS2_2125,12,3,g3,HG
HS2_2126,12,3,e3,HG
HS2_2127,12,3,c3,HG
HS2_2128,12,3,a3,HG
HS2_2129,12,3,o5,HG
HS2_2130,12,3,m5,HG
HS2_2131,12,3,k5,HG
HS2_2132,12,3,i5,HG
HS2_2133,12,3,g5,HG
HS2_2134,12,3,e5,HG
HS2_2135,12,3,c5,HG
HS2_2136,12,3,a5,HG
HS2_2137,12,3,o7,HG
HS2_2138,12,3,m7,HG
HS2_2139,12,3,k7,HG
HS2_2140,12,3,i7,HG
HS2_2141,12,3,g7,HG
HS2_2142,12,3,e7,HG
HS2_2143,12,3,c7,HG
HS2_2144,12,3,a7,HG
HS2_2145,12,3,o9,HG
HS2_2146,12,3,m9,HG
HS2_2147,12,3,k9,HG
HS2_2148,12,3,i9,HG
HS2_2149,12,3,g9,HG
HS2_2150,12,3,e9,HG
HS2_2151,12,3,c9,HG
HS2_2152,12,3,a9,HG
HS2_2153,12,3,o11,HG
HS2_2154,12,3,m11,HG
HS2_2155,12,3,k11,HG
HS2_2156,12,3,i11,HG
HS2_2157,12,3,g11,HG
HS2_2158,12,3,e11,HG
HS2_2159,12,3,c11,HG
HS2_2160,12,3,a11,HG
HS2_2161,12,3,o13,HGL
HS2_2162,12,3,m13,HGL
HS2_2163,12,3,k13,HGL
HS2_2164,12,3,i13,HGL
HS2_2165,12,3,g13,HGL
HS2_2166,12,3,e13,HGL
HS2_2167,12,3,c13,HGL
HS2_2168,12,3,a13,HGL
HS2_2169,12,3,o15,HGL
HS2_2170,12,3,m15,HGL
HS2_2171,12,3,k15,HGL
HS2_2172,12,3,i15,HGL
HS2_2173,12,3,g15,HGL
HS2_2174,12,3,e15,HGL
HS2_2175,12,3,c15,HGL
HS2_2176,12,3,a15,HGL
HS2_2177,12,3,o17,HGL
HS2_2178,12,3,m17,HGL
HS2_2179,12,3,k17,HGL
HS2_2180,12,3,i17,HGL
HS2_2181,12,3,g17,HGL
HS2_2182,12,3,e17,HGL
HS2_2183,12,3,c17,HGL
HS2_2184,12,3,a17,HGL
HS2_2185,12,3,o19,HGL
HS2_2186,12,3,m19,HGL
HS2_2187,12,3,k19,HGL
HS2_2188,12,3,i19,HGL
HS2_2189,12,3,g19,HGL
HS2_2190,12,3,e19,HGL
HS2_2191,12,3,c19,HGL
HS2_2192,12,3,a19,HGL
HS2_2193,12,3,o21,HGL
HS2_2194,12,3,m21,HGL
HS2_2195,12,3,k21,HGL
HS2_2196,12,3,i21,HGL
HS2_2197,12,3,g21,HGL
HS2_2198,12,3,e21,HGL
HS2_2199,12,3,c21,HGL
HS2_2200,12,3,a21,HGL
HS2_2201,12,3,o23,HGL
HS2_2202,12,3,m23,HGL
HS2_2203,12,3,k23,HGL
HS2_2204,12,3,i23,HGL
HS2_2205,12,3,g23,HGL
HS2_2206,12,3,e23,HGL
HS2_2207,12,3,c23,HGL
HS2_2208,12,3,a23,HGL
HS2_2209,12,4,p1,HGC
HS2_2210,12,4,n1,HGC
HS2_2211,12,4,l1,HGC
HS2_2212,12,4,j1,HGC
HS2_2213,12,4,h1,HGC
HS2_2214,12,4,f1,HGC
HS2_2215,12,4,d1,HGC
HS2_2216,12,4,b1,HGC
HS2_2217,12,4,p3,HGC
HS2_2218,12,4,n3,HGC
HS2_2219,12,4,l3,HGC
HS2_2220,12,4,j3,HGC
HS2_2221,12,4,h3,HGC
HS2_2222,12,4,f3,HGC
HS2_2223,12,4,d3,HGC
HS2_2224,12,4,b3,HGC
HS2_2225,12,4,p5,HGC
HS2_2226,12,4,n5,HGC
HS2_2227,12,4,l5,HGC
HS2_2228,12,4,j5,HGC
HS2_2229,12,4,h5,HGC
HS2_2230,12,4,f5,HGC
HS2_2231,12,4,d5,HGC
HS2_2232,12,4,b5,HGC
HS2_2233,12,4,p7,HGC
HS2_2234,12,4,n7,HGC
HS2_2235,12,4,l7,HGC
HS2_2236,12,4,j7,HGC
HS2_2237,12,4,h7,HGC
HS2_2238,12,4,f7,HGC
HS2_2239,12,4,d7,HGC
HS2_2240,12,4,b7,HGC
HS2_2241,12,4,p9,HGC
HS2_2242,12,4,n9,HGC
HS2_2243,12,4,l9,HGC
HS2_2244,12,4,j9,HGC
HS2_2245,12,4,h9,HGC
HS2_2246,12,4,f9,HGC
HS2_2247,12,4,d9,HGC
HS2_2248,12,4,b9,HGC
HS2_2249,12,4,p11,HGC
HS2_2250,12,4,n11,HGC
HS2_2251,12,4,l11,HGC
HS2_2252,12,4,j11,HGC
HS2_2253,12,4,h11,HGC
HS2_2254,12,4,f11,HGC
HS2_2255,12,4,d11,HGC
HS2_2256,12,4,b11,HGC
HS2_2257,12,4,p13,HGLC
HS2_2258,12,4,n13,HGLC
HS2_2259,12,4,l13,HGLC
HS2_2260,12,4,j13,HGLC
HS2_2261,12,4,h13,HGLC
HS2_2262,12,4,f13,HGLC
HS2_2263,12,4,d13,HGLC
HS2_2264,12,4,b13,HGLC
HS2_2265,12,4,p15,HGLC
HS2_2266,12,4,n15,HGLC
HS2_2267,12,4,l15,HGLC
HS2_2268,12,4,j15,HGLC
HS2_2269,12,4,h15,HGLC
HS2_2270,12,4,f15,HGLC
HS2_2271,12,4,d15,HGLC
HS2_2272,12,4,b15,HGLC
HS2_2273,12,4,p17,HGLC
HS2_2274,12,4,n17,HGLC
HS2_2275,12,4,l17,HGLC
HS2_2276,12,4,j17,HGLC
HS2_2277,12,4,h17,HGLC
HS2_2278,12,4,f17,HGLC
HS2_2279,12,4,d17,HGLC
HS2_2280,12,4,b17,HGLC
HS2_2281,12,4,p19,HGLC
HS2_2282,12,4,n19,HGLC
HS2_2283,12,4,l19,HGLC
HS2_2284,12,4,j19,HGLC
HS2_2285,12,4,h19,HGLC
HS2_2286,12,4,f19,HGLC
HS2_2287,12,4,d19,HGLC
HS2_2288,12,4,b19,HGLC
HS2_2289,12,4,p21,HGLC
HS2_2290,12,4,n21,HGLC
HS2_2291,12,4,l21,HGLC
HS2_2292,12,4,j21,HGLC
HS2_2293,12,4,h21,HGLC
HS2_2294,12,4,f21,HGLC
HS2_2295,12,4,d21,HGLC
HS2_2296,12,4,b21,HGLC
HS2_2297,12,4,p23,HGLC
HS2_2298,12,4,n23,HGLC
HS2_2299,12,4,l23,HGLC
HS2_2300,12,4,j23,HGLC
HS2_2301,12,4,h23,HGLC
HS2_2302,12,4,f23,HGLC
HS2_2303,12,4,d23,HGLC
HS2_2304,12,4,b23,HGLC
